{
  "timestamp": "2026-07-02T11:13:13.952773",
  "n_sites": 50,
  "k": 3,
  "n_perms": 200,
  "pairwise_distances": {
    "max": 0.9976445762752222,
    "mean": 0.2924388256061157
  },
  "cycles": {
    "all_sites": {
      "n_sites_in_cycle": 50,
      "site_indices": [
        0,
        1,
        2,
        3,
        4,
        5,
        6,
        7,
        8,
        9,
        10,
        11,
        12,
        13,
        14,
        15,
        16,
        17,
        18,
        19,
        20,
        21,
        22,
        23,
        24,
        25,
        26,
        27,
        28,
        29,
        30,
        31,
        32,
        33,
        34,
        35,
        36,
        37,
        38,
        39,
        40,
        41,
        42,
        43,
        44,
        45,
        46,
        47,
        48,
        49
      ],
      "observed_holonomy": 1.8690151180602832,
      "p_value": 0.865,
      "null_mean": 2.378289824277043,
      "null_std": 0.5007800370718153,
      "null_percentiles": {
        "50": 2.4161556666128297,
        "90": 2.9006375847767183,
        "95": 3.127714275248774,
        "99": 3.29924588256215
      }
    },
    "clean_only": {
      "n_sites_in_cycle": 45,
      "site_indices": [
        0,
        1,
        2,
        3,
        5,
        6,
        7,
        8,
        9,
        10,
        11,
        12,
        13,
        14,
        15,
        16,
        17,
        18,
        19,
        20,
        21,
        24,
        25,
        26,
        27,
        28,
        29,
        30,
        31,
        32,
        33,
        34,
        35,
        36,
        37,
        38,
        40,
        41,
        43,
        44,
        45,
        46,
        47,
        48,
        49
      ],
      "observed_holonomy": 1.1081961600367551,
      "p_value": 0.985,
      "null_mean": 2.384016423575923,
      "null_std": 0.48339854612212835,
      "null_percentiles": {
        "50": 2.422468183335753,
        "90": 2.9402314921418795,
        "95": 3.0804039971983985,
        "99": 3.3785390444640893
      }
    },
    "confounded_only": {
      "n_sites_in_cycle": 5,
      "site_indices": [
        4,
        22,
        23,
        39,
        42
      ],
      "observed_holonomy": 0.0698081978608352,
      "p_value": 0.985,
      "null_mean": 0.8778015905681804,
      "null_std": 0.6153837802340554,
      "null_percentiles": {
        "50": 0.6965444202416737,
        "90": 2.0003588470218205,
        "95": 2.027886766588716,
        "99": 2.198872424440306
      }
    },
    "mixed": {
      "n_sites_in_cycle": 10,
      "site_indices": [
        0,
        4,
        1,
        22,
        2,
        23,
        3,
        39,
        5,
        42
      ],
      "observed_holonomy": 0.8509012468733514,
      "p_value": 0.71,
      "null_mean": 1.3751187854897646,
      "null_std": 0.7163243695291378,
      "null_percentiles": {
        "50": 1.2725065205898791,
        "90": 2.360915422368964,
        "95": 2.6618107068129353,
        "99": 2.8274806636269796
      }
    }
  }
}