{
  "timestamp": "2026-07-02T11:14:19.671123",
  "n_sites": 50,
  "k": 3,
  "n_perms": 200,
  "pairwise_distances": {
    "max": 0.749325770964305,
    "mean": 0.3117420659972677
  },
  "cycles": {
    "all_sites": {
      "n_sites_in_cycle": 50,
      "site_indices": [
        0,
        1,
        2,
        3,
        4,
        5,
        6,
        7,
        8,
        9,
        10,
        11,
        12,
        13,
        14,
        15,
        16,
        17,
        18,
        19,
        20,
        21,
        22,
        23,
        24,
        25,
        26,
        27,
        28,
        29,
        30,
        31,
        32,
        33,
        34,
        35,
        36,
        37,
        38,
        39,
        40,
        41,
        42,
        43,
        44,
        45,
        46,
        47,
        48,
        49
      ],
      "observed_holonomy": 1.2725796263822318,
      "p_value": 0.945,
      "null_mean": 2.3351922536351295,
      "null_std": 0.5057288209037907,
      "null_percentiles": {
        "50": 2.3906278652642126,
        "90": 2.8264814092434816,
        "95": 2.8574502945623186,
        "99": 3.218786750982988
      }
    },
    "clean_only": {
      "n_sites_in_cycle": 25,
      "site_indices": [
        0,
        3,
        6,
        8,
        10,
        14,
        16,
        18,
        22,
        24,
        28,
        30,
        31,
        32,
        33,
        34,
        35,
        36,
        40,
        42,
        44,
        45,
        47,
        48,
        49
      ],
      "observed_holonomy": 0.046291393785646055,
      "p_value": 1.0,
      "null_mean": 2.2130835129342667,
      "null_std": 0.5931932735274072,
      "null_percentiles": {
        "50": 2.342931339960213,
        "90": 2.8111075829290084,
        "95": 2.824852720864455,
        "99": 2.8909561468337492
      }
    },
    "confounded_only": {
      "n_sites_in_cycle": 25,
      "site_indices": [
        1,
        2,
        4,
        5,
        7,
        9,
        11,
        12,
        13,
        15,
        17,
        19,
        20,
        21,
        23,
        25,
        26,
        27,
        29,
        37,
        38,
        39,
        41,
        43,
        46
      ],
      "observed_holonomy": 0.8806885191455216,
      "p_value": 1.0,
      "null_mean": 2.3695671334170294,
      "null_std": 0.4694931631254687,
      "null_percentiles": {
        "50": 2.472115376259188,
        "90": 2.8200623003562293,
        "95": 2.8278530988456048,
        "99": 3.029700740297569
      }
    },
    "mixed": {
      "n_sites_in_cycle": 50,
      "site_indices": [
        0,
        1,
        3,
        2,
        6,
        4,
        8,
        5,
        10,
        7,
        14,
        9,
        16,
        11,
        18,
        12,
        22,
        13,
        24,
        15,
        28,
        17,
        30,
        19,
        31,
        20,
        32,
        21,
        33,
        23,
        34,
        25,
        35,
        26,
        36,
        27,
        40,
        29,
        42,
        37,
        44,
        38,
        45,
        39,
        47,
        41,
        48,
        43,
        49,
        46
      ],
      "observed_holonomy": 1.6591373877623903,
      "p_value": 0.975,
      "null_mean": 2.4631775987036435,
      "null_std": 0.3712129311377062,
      "null_percentiles": {
        "50": 2.5681866736635754,
        "90": 2.820474662492902,
        "95": 2.8285981174389416,
        "99": 3.130444789860592
      }
    }
  }
}