{
  "timestamp": "2026-07-02T11:15:41.881161",
  "n_sites": 50,
  "k": 3,
  "n_perms": 200,
  "pairwise_distances": {
    "max": 0.8605831323853493,
    "mean": 0.3818089060673098
  },
  "cycles": {
    "all_sites": {
      "n_sites_in_cycle": 50,
      "site_indices": [
        0,
        1,
        2,
        3,
        4,
        5,
        6,
        7,
        8,
        9,
        10,
        11,
        12,
        13,
        14,
        15,
        16,
        17,
        18,
        19,
        20,
        21,
        22,
        23,
        24,
        25,
        26,
        27,
        28,
        29,
        30,
        31,
        32,
        33,
        34,
        35,
        36,
        37,
        38,
        39,
        40,
        41,
        42,
        43,
        44,
        45,
        46,
        47,
        48,
        49
      ],
      "observed_holonomy": 0.7978838692297058,
      "p_value": 0.985,
      "null_mean": 2.385298420635226,
      "null_std": 0.4663555941726382,
      "null_percentiles": {
        "50": 2.4407035925887,
        "90": 2.824681552351516,
        "95": 2.992487830636349,
        "99": 3.367289909152266
      }
    },
    "clean_only": {
      "n_sites_in_cycle": 25,
      "site_indices": [
        0,
        3,
        6,
        8,
        10,
        14,
        16,
        18,
        22,
        24,
        28,
        30,
        31,
        32,
        33,
        34,
        35,
        36,
        40,
        42,
        44,
        45,
        47,
        48,
        49
      ],
      "observed_holonomy": 0.046291393785646055,
      "p_value": 1.0,
      "null_mean": 2.454382140704272,
      "null_std": 0.4180582159415051,
      "null_percentiles": {
        "50": 2.492840001398185,
        "90": 2.8270000299194082,
        "95": 3.0334437180364935,
        "99": 3.260912377420706
      }
    },
    "confounded_only": {
      "n_sites_in_cycle": 25,
      "site_indices": [
        1,
        2,
        4,
        5,
        7,
        9,
        11,
        12,
        13,
        15,
        17,
        19,
        20,
        21,
        23,
        25,
        26,
        27,
        29,
        37,
        38,
        39,
        41,
        43,
        46
      ],
      "observed_holonomy": 0.32156389031772264,
      "p_value": 0.995,
      "null_mean": 2.398165655332038,
      "null_std": 0.43753066198616697,
      "null_percentiles": {
        "50": 2.451124795604713,
        "90": 2.8241288235701623,
        "95": 2.8284222664426553,
        "99": 3.108088857422687
      }
    },
    "mixed": {
      "n_sites_in_cycle": 50,
      "site_indices": [
        0,
        1,
        3,
        2,
        6,
        4,
        8,
        5,
        10,
        7,
        14,
        9,
        16,
        11,
        18,
        12,
        22,
        13,
        24,
        15,
        28,
        17,
        30,
        19,
        31,
        20,
        32,
        21,
        33,
        23,
        34,
        25,
        35,
        26,
        36,
        27,
        40,
        29,
        42,
        37,
        44,
        38,
        45,
        39,
        47,
        41,
        48,
        43,
        49,
        46
      ],
      "observed_holonomy": 1.2513224951002389,
      "p_value": 0.965,
      "null_mean": 2.4164919659114528,
      "null_std": 0.5002615507546025,
      "null_percentiles": {
        "50": 2.5397806664087152,
        "90": 2.828150414230569,
        "95": 3.1383881019199316,
        "99": 3.368191992752574
      }
    }
  }
}