{
  "timestamp": "2026-07-02T11:20:16.959121",
  "n_sites": 24,
  "k": 3,
  "n_perms": 200,
  "pairwise_distances": {
    "max": 1.178336018746532,
    "mean": 0.7696801633416903
  },
  "cycles": {
    "all_sites": {
      "n_sites_in_cycle": 24,
      "site_indices": [
        0,
        1,
        2,
        3,
        4,
        5,
        6,
        7,
        8,
        9,
        10,
        11,
        12,
        13,
        14,
        15,
        16,
        17,
        18,
        19,
        20,
        21,
        22,
        23
      ],
      "observed_holonomy": 0.38825011713427393,
      "p_value": 0.975,
      "null_mean": 1.6886809993426128,
      "null_std": 0.5996050221847141,
      "null_percentiles": {
        "50": 2.0008205405177772,
        "90": 2.241468627441979,
        "95": 2.4546633305428553,
        "99": 2.7557275564309838
      }
    },
    "random_half": {
      "n_sites_in_cycle": 12,
      "site_indices": [
        1,
        2,
        4,
        7,
        9,
        10,
        12,
        13,
        15,
        16,
        18,
        23
      ],
      "observed_holonomy": 0.775455711977599,
      "p_value": 0.79,
      "null_mean": 1.4406272950289043,
      "null_std": 0.6587057020593057,
      "null_percentiles": {
        "50": 1.502905731873819,
        "90": 2.1400958282149283,
        "95": 2.3024749742401123,
        "99": 2.713069741999215
      }
    }
  }
}