{
  "timestamp": "2026-07-02T11:16:03.308883",
  "n_sites": 50,
  "k": 3,
  "n_perms": 200,
  "pairwise_distances": {
    "max": 1.3012112640706073,
    "mean": 0.3593415621658361
  },
  "cycles": {
    "all_sites": {
      "n_sites_in_cycle": 50,
      "site_indices": [
        0,
        1,
        2,
        3,
        4,
        5,
        6,
        7,
        8,
        9,
        10,
        11,
        12,
        13,
        14,
        15,
        16,
        17,
        18,
        19,
        20,
        21,
        22,
        23,
        24,
        25,
        26,
        27,
        28,
        29,
        30,
        31,
        32,
        33,
        34,
        35,
        36,
        37,
        38,
        39,
        40,
        41,
        42,
        43,
        44,
        45,
        46,
        47,
        48,
        49
      ],
      "observed_holonomy": 1.308117939678271,
      "p_value": 0.94,
      "null_mean": 2.34935177895435,
      "null_std": 0.5236207904936571,
      "null_percentiles": {
        "50": 2.4941757528746993,
        "90": 2.8116794400062317,
        "95": 2.8249292485072677,
        "99": 3.0129292989019376
      }
    },
    "clean_only": {
      "n_sites_in_cycle": 45,
      "site_indices": [
        0,
        1,
        2,
        3,
        5,
        6,
        7,
        8,
        9,
        10,
        11,
        12,
        13,
        14,
        15,
        16,
        17,
        18,
        19,
        20,
        21,
        24,
        25,
        26,
        27,
        28,
        29,
        30,
        31,
        32,
        33,
        34,
        35,
        36,
        37,
        38,
        40,
        41,
        43,
        44,
        45,
        46,
        47,
        48,
        49
      ],
      "observed_holonomy": 1.1081961600367551,
      "p_value": 0.975,
      "null_mean": 2.360125468606867,
      "null_std": 0.48284593096210215,
      "null_percentiles": {
        "50": 2.4721417365463445,
        "90": 2.8223278788748596,
        "95": 2.8277926373752837,
        "99": 3.060800694192442
      }
    },
    "confounded_only": {
      "n_sites_in_cycle": 5,
      "site_indices": [
        4,
        22,
        23,
        39,
        42
      ],
      "observed_holonomy": 0.27796537573792607,
      "p_value": 0.94,
      "null_mean": 1.605278661228749,
      "null_std": 0.9583289103185735,
      "null_percentiles": {
        "50": 1.5263157529276299,
        "90": 2.8081998471535883,
        "95": 2.8247575252153823,
        "99": 2.8280910242668793
      }
    },
    "mixed": {
      "n_sites_in_cycle": 10,
      "site_indices": [
        0,
        4,
        1,
        22,
        2,
        23,
        3,
        39,
        5,
        42
      ],
      "observed_holonomy": 1.3188477463002608,
      "p_value": 0.705,
      "null_mean": 1.8676697404408502,
      "null_std": 0.7942830690947379,
      "null_percentiles": {
        "50": 2.0033986956797474,
        "90": 2.8017035458817485,
        "95": 2.8223744228733687,
        "99": 2.828102461343985
      }
    }
  }
}