{
  "timestamp": "2026-07-02T11:20:50.370851",
  "n_sites": 24,
  "k": 3,
  "n_perms": 200,
  "pairwise_distances": {
    "max": 1.9986465248733825,
    "mean": 1.2145706751585317
  },
  "cycles": {
    "all_sites": {
      "n_sites_in_cycle": 24,
      "site_indices": [
        0,
        1,
        2,
        3,
        4,
        5,
        6,
        7,
        8,
        9,
        10,
        11,
        12,
        13,
        14,
        15,
        16,
        17,
        18,
        19,
        20,
        21,
        22,
        23
      ],
      "observed_holonomy": 0.42500016776774424,
      "p_value": 0.86,
      "null_mean": 0.9138851001135027,
      "null_std": 0.44862048594912196,
      "null_percentiles": {
        "50": 0.8551511215167337,
        "90": 1.5324746840932095,
        "95": 1.617890035472023,
        "99": 2.054197734621267
      }
    },
    "random_half": {
      "n_sites_in_cycle": 12,
      "site_indices": [
        1,
        2,
        4,
        7,
        9,
        10,
        12,
        13,
        15,
        16,
        18,
        23
      ],
      "observed_holonomy": 0.28796244075121197,
      "p_value": 0.84,
      "null_mean": 0.6479945481261139,
      "null_std": 0.31814099819258385,
      "null_percentiles": {
        "50": 0.6269592596020769,
        "90": 1.076226944232075,
        "95": 1.1998033194610112,
        "99": 1.5537224320086656
      }
    }
  }
}