{
  "timestamp": "2026-07-02T11:43:23.701089",
  "n_sites": 20,
  "k": 3,
  "n_perms": 2000,
  "pairwise_distances": {
    "max": 2.1476650578163903,
    "mean": 1.5737007884887686
  },
  "cycles": {
    "all_sites": {
      "n_sites_in_cycle": 20,
      "site_indices": [
        0,
        1,
        2,
        3,
        4,
        5,
        6,
        7,
        8,
        9,
        10,
        11,
        12,
        13,
        14,
        15,
        16,
        17,
        18,
        19
      ],
      "observed_holonomy": 2.6933592704625275,
      "p_value": 0.1645,
      "null_mean": 2.133579208026935,
      "null_std": 0.5338465724888145,
      "null_percentiles": {
        "50": 2.154914801685153,
        "90": 2.7773164335589438,
        "95": 2.8209062526313335,
        "99": 2.8861566023915186
      }
    },
    "random_half": {
      "n_sites_in_cycle": 10,
      "site_indices": [
        0,
        1,
        3,
        6,
        8,
        9,
        12,
        13,
        14,
        19
      ],
      "observed_holonomy": 2.668623242462,
      "p_value": 0.085,
      "null_mean": 1.7818078842387273,
      "null_std": 0.6453779451260001,
      "null_percentiles": {
        "50": 1.9809975732936222,
        "90": 2.611298052245184,
        "95": 2.7635366713685063,
        "99": 2.8246962245808085
      }
    }
  }
}