{
  "timestamp": "2026-07-02T11:21:16.576997",
  "n_sites": 24,
  "k": 3,
  "n_perms": 200,
  "pairwise_distances": {
    "max": 2.055693769971612,
    "mean": 1.1755161210457927
  },
  "cycles": {
    "all_sites": {
      "n_sites_in_cycle": 24,
      "site_indices": [
        0,
        1,
        2,
        3,
        4,
        5,
        6,
        7,
        8,
        9,
        10,
        11,
        12,
        13,
        14,
        15,
        16,
        17,
        18,
        19,
        20,
        21,
        22,
        23
      ],
      "observed_holonomy": 1.2589150904322768,
      "p_value": 0.795,
      "null_mean": 1.8485599154921368,
      "null_std": 0.657191837936995,
      "null_percentiles": {
        "50": 1.8695952202424702,
        "90": 2.6958699098893475,
        "95": 2.778483368112149,
        "99": 2.8266400972592924
      }
    },
    "random_half": {
      "n_sites_in_cycle": 12,
      "site_indices": [
        1,
        2,
        4,
        7,
        9,
        10,
        12,
        13,
        15,
        16,
        18,
        23
      ],
      "observed_holonomy": 2.50364554689513,
      "p_value": 0.075,
      "null_mean": 1.4292243744198248,
      "null_std": 0.6914689029126501,
      "null_percentiles": {
        "50": 1.3405175441061088,
        "90": 2.4245470306980343,
        "95": 2.620116408969534,
        "99": 2.8278971972141727
      }
    }
  }
}