{
  "timestamp": "2026-07-02T11:16:55.034986",
  "n_sites": 50,
  "k": 3,
  "n_perms": 200,
  "pairwise_distances": {
    "max": 1.2968501599543303,
    "mean": 0.5454312611142113
  },
  "cycles": {
    "all_sites": {
      "n_sites_in_cycle": 50,
      "site_indices": [
        0,
        1,
        2,
        3,
        4,
        5,
        6,
        7,
        8,
        9,
        10,
        11,
        12,
        13,
        14,
        15,
        16,
        17,
        18,
        19,
        20,
        21,
        22,
        23,
        24,
        25,
        26,
        27,
        28,
        29,
        30,
        31,
        32,
        33,
        34,
        35,
        36,
        37,
        38,
        39,
        40,
        41,
        42,
        43,
        44,
        45,
        46,
        47,
        48,
        49
      ],
      "observed_holonomy": 0.8094462409114954,
      "p_value": 0.985,
      "null_mean": 2.431319226669632,
      "null_std": 0.46908904556242254,
      "null_percentiles": {
        "50": 2.5881604057539453,
        "90": 2.8277764257579836,
        "95": 3.0061968193058317,
        "99": 3.185896043186916
      }
    },
    "clean_only": {
      "n_sites_in_cycle": 25,
      "site_indices": [
        0,
        3,
        6,
        8,
        10,
        14,
        16,
        18,
        22,
        24,
        28,
        30,
        31,
        32,
        33,
        34,
        35,
        36,
        40,
        42,
        44,
        45,
        47,
        48,
        49
      ],
      "observed_holonomy": 0.046291393785646055,
      "p_value": 1.0,
      "null_mean": 2.445285989524632,
      "null_std": 0.43772272300923937,
      "null_percentiles": {
        "50": 2.5826812283172105,
        "90": 2.826975896537611,
        "95": 2.82827905336592,
        "99": 2.974012645183426
      }
    },
    "confounded_only": {
      "n_sites_in_cycle": 25,
      "site_indices": [
        1,
        2,
        4,
        5,
        7,
        9,
        11,
        12,
        13,
        15,
        17,
        19,
        20,
        21,
        23,
        25,
        26,
        27,
        29,
        37,
        38,
        39,
        41,
        43,
        46
      ],
      "observed_holonomy": 0.2235002848379859,
      "p_value": 1.0,
      "null_mean": 2.4160956276441317,
      "null_std": 0.45891748216232753,
      "null_percentiles": {
        "50": 2.5469133336114362,
        "90": 2.8247643548388477,
        "95": 2.8282894761824546,
        "99": 3.2216698189093527
      }
    },
    "mixed": {
      "n_sites_in_cycle": 50,
      "site_indices": [
        0,
        1,
        3,
        2,
        6,
        4,
        8,
        5,
        10,
        7,
        14,
        9,
        16,
        11,
        18,
        12,
        22,
        13,
        24,
        15,
        28,
        17,
        30,
        19,
        31,
        20,
        32,
        21,
        33,
        23,
        34,
        25,
        35,
        26,
        36,
        27,
        40,
        29,
        42,
        37,
        44,
        38,
        45,
        39,
        47,
        41,
        48,
        43,
        49,
        46
      ],
      "observed_holonomy": 0.7503913110726823,
      "p_value": 0.995,
      "null_mean": 2.4523917012054377,
      "null_std": 0.44575977069043465,
      "null_percentiles": {
        "50": 2.5575715186447727,
        "90": 2.825003411068585,
        "95": 2.8286981460020364,
        "99": 3.2290959848914103
      }
    }
  }
}