{
  "timestamp": "2026-07-02T11:14:45.929814",
  "n_sites": 50,
  "k": 3,
  "n_perms": 200,
  "pairwise_distances": {
    "max": 0.9976445762752222,
    "mean": 0.31254029160848207
  },
  "cycles": {
    "all_sites": {
      "n_sites_in_cycle": 50,
      "site_indices": [
        0,
        1,
        2,
        3,
        4,
        5,
        6,
        7,
        8,
        9,
        10,
        11,
        12,
        13,
        14,
        15,
        16,
        17,
        18,
        19,
        20,
        21,
        22,
        23,
        24,
        25,
        26,
        27,
        28,
        29,
        30,
        31,
        32,
        33,
        34,
        35,
        36,
        37,
        38,
        39,
        40,
        41,
        42,
        43,
        44,
        45,
        46,
        47,
        48,
        49
      ],
      "observed_holonomy": 1.5489333697331367,
      "p_value": 0.94,
      "null_mean": 2.389648469138748,
      "null_std": 0.46741337109075126,
      "null_percentiles": {
        "50": 2.4737599382738966,
        "90": 2.828135887389051,
        "95": 2.9837104669366634,
        "99": 3.163066817577341
      }
    },
    "clean_only": {
      "n_sites_in_cycle": 45,
      "site_indices": [
        0,
        1,
        2,
        3,
        5,
        6,
        7,
        8,
        9,
        10,
        11,
        12,
        13,
        14,
        15,
        16,
        17,
        18,
        19,
        20,
        21,
        24,
        25,
        26,
        27,
        28,
        29,
        30,
        31,
        32,
        33,
        34,
        35,
        36,
        37,
        38,
        40,
        41,
        43,
        44,
        45,
        46,
        47,
        48,
        49
      ],
      "observed_holonomy": 1.1081961600367551,
      "p_value": 0.99,
      "null_mean": 2.3211526716543567,
      "null_std": 0.4370877809987661,
      "null_percentiles": {
        "50": 2.320826418255985,
        "90": 2.8188169423423286,
        "95": 2.8293106736964813,
        "99": 3.1667272116717853
      }
    },
    "confounded_only": {
      "n_sites_in_cycle": 5,
      "site_indices": [
        4,
        22,
        23,
        39,
        42
      ],
      "observed_holonomy": 0.39185940170811195,
      "p_value": 0.935,
      "null_mean": 1.33134296265279,
      "null_std": 0.6882065752349982,
      "null_percentiles": {
        "50": 1.2945918258520734,
        "90": 2.060213225048759,
        "95": 2.1466009989196575,
        "99": 2.4197896194904187
      }
    },
    "mixed": {
      "n_sites_in_cycle": 10,
      "site_indices": [
        0,
        4,
        1,
        22,
        2,
        23,
        3,
        39,
        5,
        42
      ],
      "observed_holonomy": 1.130429428927771,
      "p_value": 0.725,
      "null_mean": 1.6289396085362895,
      "null_std": 0.6469468740819688,
      "null_percentiles": {
        "50": 2.0001946556158754,
        "90": 2.2110010324545994,
        "95": 2.450022575573841,
        "99": 2.9281319309035636
      }
    }
  }
}