{
  "timestamp": "2026-07-02T11:17:15.997362",
  "n_sites": 50,
  "k": 3,
  "n_perms": 200,
  "pairwise_distances": {
    "max": 1.733950755575417,
    "mean": 0.39699630051249435
  },
  "cycles": {
    "all_sites": {
      "n_sites_in_cycle": 50,
      "site_indices": [
        0,
        1,
        2,
        3,
        4,
        5,
        6,
        7,
        8,
        9,
        10,
        11,
        12,
        13,
        14,
        15,
        16,
        17,
        18,
        19,
        20,
        21,
        22,
        23,
        24,
        25,
        26,
        27,
        28,
        29,
        30,
        31,
        32,
        33,
        34,
        35,
        36,
        37,
        38,
        39,
        40,
        41,
        42,
        43,
        44,
        45,
        46,
        47,
        48,
        49
      ],
      "observed_holonomy": 1.1037799857924178,
      "p_value": 0.97,
      "null_mean": 2.3599603697550657,
      "null_std": 0.4919919615745488,
      "null_percentiles": {
        "50": 2.473334651501834,
        "90": 2.819084788662922,
        "95": 2.828380787779145,
        "99": 3.199802282859748
      }
    },
    "clean_only": {
      "n_sites_in_cycle": 45,
      "site_indices": [
        0,
        1,
        2,
        3,
        5,
        6,
        7,
        8,
        9,
        10,
        11,
        12,
        13,
        14,
        15,
        16,
        17,
        18,
        19,
        20,
        21,
        24,
        25,
        26,
        27,
        28,
        29,
        30,
        31,
        32,
        33,
        34,
        35,
        36,
        37,
        38,
        40,
        41,
        43,
        44,
        45,
        46,
        47,
        48,
        49
      ],
      "observed_holonomy": 1.1081961600367551,
      "p_value": 0.975,
      "null_mean": 2.38275697637656,
      "null_std": 0.4789669805879765,
      "null_percentiles": {
        "50": 2.4963092790822685,
        "90": 2.8202967162127894,
        "95": 2.877650698118199,
        "99": 3.279378241676885
      }
    },
    "confounded_only": {
      "n_sites_in_cycle": 5,
      "site_indices": [
        4,
        22,
        23,
        39,
        42
      ],
      "observed_holonomy": 1.011236435179599,
      "p_value": 0.745,
      "null_mean": 1.6932263646765215,
      "null_std": 0.8263139811037946,
      "null_percentiles": {
        "50": 1.630316210841149,
        "90": 2.794880588428159,
        "95": 2.8170040395586846,
        "99": 2.8279638495558097
      }
    },
    "mixed": {
      "n_sites_in_cycle": 10,
      "site_indices": [
        0,
        4,
        1,
        22,
        2,
        23,
        3,
        39,
        5,
        42
      ],
      "observed_holonomy": 0.4983576229385818,
      "p_value": 0.995,
      "null_mean": 2.002120065477301,
      "null_std": 0.663402307877422,
      "null_percentiles": {
        "50": 2.164440891798536,
        "90": 2.7930598429304334,
        "95": 2.8245311009761376,
        "99": 2.8281712046329344
      }
    }
  }
}