{
  "timestamp": "2026-07-02T11:21:32.093629",
  "n_sites": 24,
  "k": 3,
  "n_perms": 200,
  "pairwise_distances": {
    "max": 2.079744639912652,
    "mean": 1.1214144000402844
  },
  "cycles": {
    "all_sites": {
      "n_sites_in_cycle": 24,
      "site_indices": [
        0,
        1,
        2,
        3,
        4,
        5,
        6,
        7,
        8,
        9,
        10,
        11,
        12,
        13,
        14,
        15,
        16,
        17,
        18,
        19,
        20,
        21,
        22,
        23
      ],
      "observed_holonomy": 0.5057279082509042,
      "p_value": 0.655,
      "null_mean": 0.69831556550427,
      "null_std": 0.3557994111358497,
      "null_percentiles": {
        "50": 0.6539761446445442,
        "90": 1.1585330421747244,
        "95": 1.5013956225551728,
        "99": 1.6518651607886523
      }
    },
    "random_half": {
      "n_sites_in_cycle": 12,
      "site_indices": [
        1,
        2,
        4,
        7,
        9,
        10,
        12,
        13,
        15,
        16,
        18,
        23
      ],
      "observed_holonomy": 2.003579873052298,
      "p_value": 0.0,
      "null_mean": 0.4863899937444928,
      "null_std": 0.23521887654506454,
      "null_percentiles": {
        "50": 0.43017545094204135,
        "90": 0.8167795363658866,
        "95": 0.8953468809676725,
        "99": 1.0930303951556122
      }
    }
  }
}