{
  "timestamp": "2026-07-02T11:21:10.795128",
  "n_sites": 24,
  "k": 3,
  "n_perms": 200,
  "pairwise_distances": {
    "max": 2.1584747203051986,
    "mean": 1.1734173785821584
  },
  "cycles": {
    "all_sites": {
      "n_sites_in_cycle": 24,
      "site_indices": [
        0,
        1,
        2,
        3,
        4,
        5,
        6,
        7,
        8,
        9,
        10,
        11,
        12,
        13,
        14,
        15,
        16,
        17,
        18,
        19,
        20,
        21,
        22,
        23
      ],
      "observed_holonomy": 0.42857144020059146,
      "p_value": 0.825,
      "null_mean": 0.7587952272657355,
      "null_std": 0.3552358293339973,
      "null_percentiles": {
        "50": 0.700187584308149,
        "90": 1.2253680399247917,
        "95": 1.4668216720289047,
        "99": 1.7244941054014757
      }
    },
    "random_half": {
      "n_sites_in_cycle": 12,
      "site_indices": [
        1,
        2,
        4,
        7,
        9,
        10,
        12,
        13,
        15,
        16,
        18,
        23
      ],
      "observed_holonomy": 0.5748013111329919,
      "p_value": 0.44,
      "null_mean": 0.5778794632605954,
      "null_std": 0.3007738359691069,
      "null_percentiles": {
        "50": 0.5424036740665423,
        "90": 0.8734235197571105,
        "95": 1.126247636007496,
        "99": 1.3329525664516781
      }
    }
  }
}