{
  "timestamp": "2026-07-02T11:20:42.309688",
  "n_sites": 24,
  "k": 3,
  "n_perms": 200,
  "pairwise_distances": {
    "max": 2.015778323807922,
    "mean": 1.224099238104659
  },
  "cycles": {
    "all_sites": {
      "n_sites_in_cycle": 24,
      "site_indices": [
        0,
        1,
        2,
        3,
        4,
        5,
        6,
        7,
        8,
        9,
        10,
        11,
        12,
        13,
        14,
        15,
        16,
        17,
        18,
        19,
        20,
        21,
        22,
        23
      ],
      "observed_holonomy": 1.4541246713526055,
      "p_value": 0.405,
      "null_mean": 1.3331921977396195,
      "null_std": 0.7151944788680801,
      "null_percentiles": {
        "50": 1.246355817683372,
        "90": 2.3677800059586187,
        "95": 2.6763427390533816,
        "99": 2.774388588562672
      }
    },
    "random_half": {
      "n_sites_in_cycle": 12,
      "site_indices": [
        1,
        2,
        4,
        7,
        9,
        10,
        12,
        13,
        15,
        16,
        18,
        23
      ],
      "observed_holonomy": 0.5909171913028076,
      "p_value": 0.79,
      "null_mean": 1.126731942166385,
      "null_std": 0.6108482375071996,
      "null_percentiles": {
        "50": 0.9970206375629145,
        "90": 1.9608028867138745,
        "95": 2.4275808591670724,
        "99": 2.7226836078074914
      }
    }
  }
}