{
  "timestamp": "2026-07-02T11:20:22.871081",
  "n_sites": 24,
  "k": 3,
  "n_perms": 200,
  "pairwise_distances": {
    "max": 1.0709181387656828,
    "mean": 0.6968804716696491
  },
  "cycles": {
    "all_sites": {
      "n_sites_in_cycle": 24,
      "site_indices": [
        0,
        1,
        2,
        3,
        4,
        5,
        6,
        7,
        8,
        9,
        10,
        11,
        12,
        13,
        14,
        15,
        16,
        17,
        18,
        19,
        20,
        21,
        22,
        23
      ],
      "observed_holonomy": 0.8236531091498331,
      "p_value": 0.62,
      "null_mean": 1.1130570297898204,
      "null_std": 0.6047685851393301,
      "null_percentiles": {
        "50": 0.9923490562240065,
        "90": 2.039298077031129,
        "95": 2.2164174497500198,
        "99": 2.462630491416434
      }
    },
    "random_half": {
      "n_sites_in_cycle": 12,
      "site_indices": [
        1,
        2,
        4,
        7,
        9,
        10,
        12,
        13,
        15,
        16,
        18,
        23
      ],
      "observed_holonomy": 0.6426571185363764,
      "p_value": 0.56,
      "null_mean": 0.847064806210355,
      "null_std": 0.521653538380086,
      "null_percentiles": {
        "50": 0.7116895035262483,
        "90": 1.6929319478922846,
        "95": 2.0008400282769503,
        "99": 2.242819594976631
      }
    }
  }
}