{
  "mode": "berry_phase",
  "n_sites": 24,
  "n_subjects_per_site": 500,
  "d": 34,
  "k": 3,
  "radius": 0.5,
  "noise_std": 0.05,
  "site_bias_std": 0.05,
  "scanner_scale_std": 0.03,
  "seed": 42,
  "planted_holonomy": 0.11876739498827824,
  "max_planted_pairwise": 0.9734378037533812,
  "max_adjacent_distance": 0.13370452999156476
}