{
  "timestamp": "2026-07-02T11:15:13.679782",
  "n_sites": 50,
  "k": 3,
  "n_perms": 200,
  "pairwise_distances": {
    "max": 0.8486448194117311,
    "mean": 0.37876953473165587
  },
  "cycles": {
    "all_sites": {
      "n_sites_in_cycle": 50,
      "site_indices": [
        0,
        1,
        2,
        3,
        4,
        5,
        6,
        7,
        8,
        9,
        10,
        11,
        12,
        13,
        14,
        15,
        16,
        17,
        18,
        19,
        20,
        21,
        22,
        23,
        24,
        25,
        26,
        27,
        28,
        29,
        30,
        31,
        32,
        33,
        34,
        35,
        36,
        37,
        38,
        39,
        40,
        41,
        42,
        43,
        44,
        45,
        46,
        47,
        48,
        49
      ],
      "observed_holonomy": 1.2814102937730778,
      "p_value": 0.96,
      "null_mean": 2.4306859815054755,
      "null_std": 0.4627797321641198,
      "null_percentiles": {
        "50": 2.498704330843097,
        "90": 2.865809143571414,
        "95": 3.0344188022118197,
        "99": 3.3622062473363017
      }
    },
    "clean_only": {
      "n_sites_in_cycle": 35,
      "site_indices": [
        0,
        1,
        4,
        5,
        6,
        7,
        8,
        10,
        11,
        12,
        13,
        16,
        20,
        23,
        24,
        25,
        26,
        28,
        29,
        30,
        32,
        34,
        35,
        36,
        37,
        39,
        40,
        41,
        42,
        43,
        44,
        45,
        46,
        47,
        49
      ],
      "observed_holonomy": 1.017530922199439,
      "p_value": 0.985,
      "null_mean": 2.3131961557915828,
      "null_std": 0.4875449674594315,
      "null_percentiles": {
        "50": 2.335000575668282,
        "90": 2.8216215887971052,
        "95": 2.998746754430879,
        "99": 3.2408595233125443
      }
    },
    "confounded_only": {
      "n_sites_in_cycle": 15,
      "site_indices": [
        2,
        3,
        9,
        14,
        15,
        17,
        18,
        19,
        21,
        22,
        27,
        31,
        33,
        38,
        48
      ],
      "observed_holonomy": 0.8025281860586491,
      "p_value": 0.955,
      "null_mean": 2.020474656930352,
      "null_std": 0.5949735411892366,
      "null_percentiles": {
        "50": 2.0728802055600015,
        "90": 2.744583732501411,
        "95": 2.8156040874774626,
        "99": 3.18525525851621
      }
    },
    "mixed": {
      "n_sites_in_cycle": 30,
      "site_indices": [
        0,
        2,
        1,
        3,
        4,
        9,
        5,
        14,
        6,
        15,
        7,
        17,
        8,
        18,
        10,
        19,
        11,
        21,
        12,
        22,
        13,
        27,
        16,
        31,
        20,
        33,
        23,
        38,
        24,
        48
      ],
      "observed_holonomy": 1.1786492753447553,
      "p_value": 0.94,
      "null_mean": 2.2725930895784465,
      "null_std": 0.5826777278135316,
      "null_percentiles": {
        "50": 2.3165239367948,
        "90": 2.8276051589728453,
        "95": 2.9731515241047415,
        "99": 3.152330591646757
      }
    }
  }
}