{
  "timestamp": "2026-07-02T11:20:30.280469",
  "n_sites": 24,
  "k": 3,
  "n_perms": 200,
  "pairwise_distances": {
    "max": 1.0338013840609248,
    "mean": 0.682402796645349
  },
  "cycles": {
    "all_sites": {
      "n_sites_in_cycle": 24,
      "site_indices": [
        0,
        1,
        2,
        3,
        4,
        5,
        6,
        7,
        8,
        9,
        10,
        11,
        12,
        13,
        14,
        15,
        16,
        17,
        18,
        19,
        20,
        21,
        22,
        23
      ],
      "observed_holonomy": 0.6447153975874221,
      "p_value": 0.405,
      "null_mean": 0.6435790746091086,
      "null_std": 0.4070739486824228,
      "null_percentiles": {
        "50": 0.5506564483691843,
        "90": 1.2491640930250958,
        "95": 1.4807046164700526,
        "99": 1.7309276671671703
      }
    },
    "random_half": {
      "n_sites_in_cycle": 12,
      "site_indices": [
        1,
        2,
        4,
        7,
        9,
        10,
        12,
        13,
        15,
        16,
        18,
        23
      ],
      "observed_holonomy": 0.3117471547444704,
      "p_value": 0.585,
      "null_mean": 0.401344143758277,
      "null_std": 0.2574558929840214,
      "null_percentiles": {
        "50": 0.35053804750389556,
        "90": 0.7486053257072802,
        "95": 0.8803708966212772,
        "99": 1.1606682340284906
      }
    }
  }
}