{
  "timestamp": "2026-07-02T11:19:49.472498",
  "n_sites": 24,
  "k": 3,
  "n_perms": 1000,
  "pairwise_distances": {
    "max": 1.178336018746532,
    "mean": 0.7696801633416903
  },
  "cycles": {
    "all_sites": {
      "n_sites_in_cycle": 24,
      "site_indices": [
        0,
        1,
        2,
        3,
        4,
        5,
        6,
        7,
        8,
        9,
        10,
        11,
        12,
        13,
        14,
        15,
        16,
        17,
        18,
        19,
        20,
        21,
        22,
        23
      ],
      "observed_holonomy": 0.3882501171342739,
      "p_value": 0.979,
      "null_mean": 1.7000525006193195,
      "null_std": 0.6157902627621148,
      "null_percentiles": {
        "50": 2.001377067022617,
        "90": 2.3084861065803706,
        "95": 2.5942061193307153,
        "99": 2.8221857777659625
      }
    },
    "random_half": {
      "n_sites_in_cycle": 12,
      "site_indices": [
        1,
        2,
        4,
        7,
        9,
        10,
        12,
        13,
        15,
        16,
        18,
        23
      ],
      "observed_holonomy": 0.775455711977599,
      "p_value": 0.738,
      "null_mean": 1.3566480741198161,
      "null_std": 0.6592050406686495,
      "null_percentiles": {
        "50": 1.3519680235224498,
        "90": 2.0628855071570067,
        "95": 2.196532801393879,
        "99": 2.6285434143787163
      }
    }
  }
}