{
  "timestamp": "2026-07-02T11:20:56.054355",
  "n_sites": 24,
  "k": 3,
  "n_perms": 200,
  "pairwise_distances": {
    "max": 2.1809087782763164,
    "mean": 1.2237877949787297
  },
  "cycles": {
    "all_sites": {
      "n_sites_in_cycle": 24,
      "site_indices": [
        0,
        1,
        2,
        3,
        4,
        5,
        6,
        7,
        8,
        9,
        10,
        11,
        12,
        13,
        14,
        15,
        16,
        17,
        18,
        19,
        20,
        21,
        22,
        23
      ],
      "observed_holonomy": 1.0585891947752728,
      "p_value": 0.855,
      "null_mean": 1.835724925459245,
      "null_std": 0.6486861079768459,
      "null_percentiles": {
        "50": 1.916963978847798,
        "90": 2.6690875335556243,
        "95": 2.776071317700675,
        "99": 2.8300803134833465
      }
    },
    "random_half": {
      "n_sites_in_cycle": 12,
      "site_indices": [
        1,
        2,
        4,
        7,
        9,
        10,
        12,
        13,
        15,
        16,
        18,
        23
      ],
      "observed_holonomy": 0.7502886457319377,
      "p_value": 0.79,
      "null_mean": 1.3169790787569147,
      "null_std": 0.5944105827326372,
      "null_percentiles": {
        "50": 1.3068782023656373,
        "90": 2.1793864901418547,
        "95": 2.485524791811643,
        "99": 2.73246118267015
      }
    }
  }
}