{
  "mode": "berry_phase",
  "n_sites": 24,
  "n_subjects_per_site": 200,
  "d": 34,
  "k": 3,
  "radius": 1.5,
  "noise_std": 0.05,
  "site_bias_std": 0.05,
  "scanner_scale_std": 0.03,
  "seed": 42,
  "planted_holonomy": 0.4351563052388583,
  "max_planted_pairwise": 2.143105591257298,
  "max_adjacent_distance": 0.4412458744402059
}