{
  "asia": {
    "alpha=0.001": {
      "feature_aurocs": {
        "forman_ricci": {
          "mean": 0.255,
          "se": 0.004616837959444121,
          "n_valid": 50
        },
        "augmented_forman": {
          "mean": 0.255,
          "se": 0.004616837959444121,
          "n_valid": 50
        },
        "jaccard": {
          "mean": 0.5,
          "se": 0.0,
          "n_valid": 50
        },
        "betweenness": {
          "mean": 0.6203333333333333,
          "se": 0.004518543300676747,
          "n_valid": 50
        },
        "abs_partial_corr": {
          "mean": 0.5787499999999999,
          "se": 0.03033875493523767,
          "n_valid": 50
        },
        "avg_clustering": {
          "mean": 0.5,
          "se": 0.0,
          "n_valid": 50
        }
      },
      "n_valid_replicates": 50,
      "n_total_replicates": 50,
      "mean_tp": 4.48,
      "mean_fp": 4.06
    },
    "alpha=0.01": {
      "feature_aurocs": {
        "forman_ricci": {
          "mean": 0.25980000000000003,
          "se": 0.004446300916125075,
          "n_valid": 50
        },
        "augmented_forman": {
          "mean": 0.26718333333333333,
          "se": 0.008290293274971277,
          "n_valid": 50
        },
        "jaccard": {
          "mean": 0.5045333333333333,
          "se": 0.003519637169508905,
          "n_valid": 50
        },
        "betweenness": {
          "mean": 0.6151166666666666,
          "se": 0.00614502591836804,
          "n_valid": 50
        },
        "abs_partial_corr": {
          "mean": 0.6096166666666667,
          "se": 0.028293391314289134,
          "n_valid": 50
        },
        "avg_clustering": {
          "mean": 0.5016666666666667,
          "se": 0.0016666666666666674,
          "n_valid": 50
        }
      },
      "n_valid_replicates": 50,
      "n_total_replicates": 50,
      "mean_tp": 4.62,
      "mean_fp": 4.06
    },
    "alpha=0.05": {
      "feature_aurocs": {
        "forman_ricci": {
          "mean": 0.2701404761904762,
          "se": 0.008018734491842467,
          "n_valid": 50
        },
        "augmented_forman": {
          "mean": 0.25236825396825396,
          "se": 0.008718497633549864,
          "n_valid": 50
        },
        "jaccard": {
          "mean": 0.47850000000000004,
          "se": 0.011273979231387227,
          "n_valid": 50
        },
        "betweenness": {
          "mean": 0.640818253968254,
          "se": 0.010441731649259666,
          "n_valid": 50
        },
        "abs_partial_corr": {
          "mean": 0.6073150793650793,
          "se": 0.02970421699110538,
          "n_valid": 50
        },
        "avg_clustering": {
          "mean": 0.49198888888888886,
          "se": 0.008648304432900239,
          "n_valid": 50
        }
      },
      "n_valid_replicates": 50,
      "n_total_replicates": 50,
      "mean_tp": 4.6,
      "mean_fp": 4.2
    }
  },
  "sachs": {
    "alpha=0.001": {
      "feature_aurocs": {
        "forman_ricci": {
          "mean": 0.36741823462485224,
          "se": 0.02183806409100891,
          "n_valid": 50
        },
        "augmented_forman": {
          "mean": 0.40779984446381495,
          "se": 0.01970944215060963,
          "n_valid": 50
        },
        "jaccard": {
          "mean": 0.530007469790558,
          "se": 0.013454673905807237,
          "n_valid": 50
        },
        "betweenness": {
          "mean": 0.5917004060209943,
          "se": 0.020247076941644588,
          "n_valid": 50
        },
        "abs_partial_corr": {
          "mean": 0.39711278481866713,
          "se": 0.023634938897007223,
          "n_valid": 50
        },
        "avg_clustering": {
          "mean": 0.5551998316226258,
          "se": 0.01685517463290774,
          "n_valid": 50
        }
      },
      "n_valid_replicates": 50,
      "n_total_replicates": 50,
      "mean_tp": 4.86,
      "mean_fp": 11.96
    },
    "alpha=0.01": {
      "feature_aurocs": {
        "forman_ricci": {
          "mean": 0.34556752652109796,
          "se": 0.02100392523869681,
          "n_valid": 50
        },
        "augmented_forman": {
          "mean": 0.3591143475572047,
          "se": 0.018524449004498806,
          "n_valid": 50
        },
        "jaccard": {
          "mean": 0.4878983560090703,
          "se": 0.015040432485046957,
          "n_valid": 50
        },
        "betweenness": {
          "mean": 0.6391540907505192,
          "se": 0.022333439639480826,
          "n_valid": 50
        },
        "abs_partial_corr": {
          "mean": 0.35713009926581357,
          "se": 0.02746099919928025,
          "n_valid": 50
        },
        "avg_clustering": {
          "mean": 0.5198800283050283,
          "se": 0.017328329680892044,
          "n_valid": 50
        }
      },
      "n_valid_replicates": 50,
      "n_total_replicates": 50,
      "mean_tp": 4.78,
      "mean_fp": 11.72
    },
    "alpha=0.05": {
      "feature_aurocs": {
        "forman_ricci": {
          "mean": 0.38583750584538395,
          "se": 0.020487921557430948,
          "n_valid": 50
        },
        "augmented_forman": {
          "mean": 0.42897418216315275,
          "se": 0.017276854081193564,
          "n_valid": 50
        },
        "jaccard": {
          "mean": 0.499294344478273,
          "se": 0.01726445206307522,
          "n_valid": 50
        },
        "betweenness": {
          "mean": 0.6213118640968431,
          "se": 0.017910398530375668,
          "n_valid": 50
        },
        "abs_partial_corr": {
          "mean": 0.4251087530350135,
          "se": 0.020212427689173442,
          "n_valid": 50
        },
        "avg_clustering": {
          "mean": 0.5319646840515538,
          "se": 0.01823094677618398,
          "n_valid": 50
        }
      },
      "n_valid_replicates": 50,
      "n_total_replicates": 50,
      "mean_tp": 5.28,
      "mean_fp": 12.82
    }
  },
  "insurance": {
    "alpha=0.001": {
      "feature_aurocs": {
        "forman_ricci": {
          "mean": 0.38224375164559876,
          "se": 0.013580791052281042,
          "n_valid": 50
        },
        "augmented_forman": {
          "mean": 0.43184292412875286,
          "se": 0.012565899426321596,
          "n_valid": 50
        },
        "jaccard": {
          "mean": 0.535583028217254,
          "se": 0.011261645075225705,
          "n_valid": 50
        },
        "betweenness": {
          "mean": 0.5909492225877258,
          "se": 0.014863257615798016,
          "n_valid": 50
        },
        "abs_partial_corr": {
          "mean": 0.38178889232284957,
          "se": 0.016355756150118535,
          "n_valid": 50
        },
        "avg_clustering": {
          "mean": 0.5441283887370446,
          "se": 0.016038888095951907,
          "n_valid": 50
        }
      },
      "n_valid_replicates": 50,
      "n_total_replicates": 50,
      "mean_tp": 9.38,
      "mean_fp": 58.4
    },
    "alpha=0.01": {
      "feature_aurocs": {
        "forman_ricci": {
          "mean": 0.3766755430467042,
          "se": 0.013980344311133916,
          "n_valid": 50
        },
        "augmented_forman": {
          "mean": 0.4231529860946285,
          "se": 0.014782312520520926,
          "n_valid": 50
        },
        "jaccard": {
          "mean": 0.5309078167483767,
          "se": 0.0108433809312285,
          "n_valid": 50
        },
        "betweenness": {
          "mean": 0.6001161002214852,
          "se": 0.01890357939938268,
          "n_valid": 50
        },
        "abs_partial_corr": {
          "mean": 0.3833709277822727,
          "se": 0.014783119922314857,
          "n_valid": 50
        },
        "avg_clustering": {
          "mean": 0.5071532875410255,
          "se": 0.01806424754593151,
          "n_valid": 50
        }
      },
      "n_valid_replicates": 50,
      "n_total_replicates": 50,
      "mean_tp": 9.52,
      "mean_fp": 61.62
    },