{
  "timestamp": "2026-07-02T11:16:27.249117",
  "n_sites": 50,
  "k": 3,
  "n_perms": 200,
  "pairwise_distances": {
    "max": 1.4317006242998884,
    "mean": 0.48837594551748365
  },
  "cycles": {
    "all_sites": {
      "n_sites_in_cycle": 50,
      "site_indices": [
        0,
        1,
        2,
        3,
        4,
        5,
        6,
        7,
        8,
        9,
        10,
        11,
        12,
        13,
        14,
        15,
        16,
        17,
        18,
        19,
        20,
        21,
        22,
        23,
        24,
        25,
        26,
        27,
        28,
        29,
        30,
        31,
        32,
        33,
        34,
        35,
        36,
        37,
        38,
        39,
        40,
        41,
        42,
        43,
        44,
        45,
        46,
        47,
        48,
        49
      ],
      "observed_holonomy": 0.6684279767263198,
      "p_value": 1.0,
      "null_mean": 2.4289053274698627,
      "null_std": 0.3680397063687595,
      "null_percentiles": {
        "50": 2.4591552031628563,
        "90": 2.824333653127102,
        "95": 2.9025150677325184,
        "99": 3.116903346502295
      }
    },
    "clean_only": {
      "n_sites_in_cycle": 35,
      "site_indices": [
        0,
        1,
        4,
        5,
        6,
        7,
        8,
        10,
        11,
        12,
        13,
        16,
        20,
        23,
        24,
        25,
        26,
        28,
        29,
        30,
        32,
        34,
        35,
        36,
        37,
        39,
        40,
        41,
        42,
        43,
        44,
        45,
        46,
        47,
        49
      ],
      "observed_holonomy": 1.017530922199439,
      "p_value": 0.99,
      "null_mean": 2.370615322718902,
      "null_std": 0.46127097997477046,
      "null_percentiles": {
        "50": 2.4104999284558293,
        "90": 2.8175026934350025,
        "95": 2.869711378218127,
        "99": 3.3063634889171007
      }
    },
    "confounded_only": {
      "n_sites_in_cycle": 15,
      "site_indices": [
        2,
        3,
        9,
        14,
        15,
        17,
        18,
        19,
        21,
        22,
        27,
        31,
        33,
        38,
        48
      ],
      "observed_holonomy": 1.0382415709266348,
      "p_value": 0.955,
      "null_mean": 2.2397337566741573,
      "null_std": 0.5142801723034638,
      "null_percentiles": {
        "50": 2.303567522129028,
        "90": 2.78230833233279,
        "95": 2.8211870794763283,
        "99": 2.82821887633107
      }
    },
    "mixed": {
      "n_sites_in_cycle": 30,
      "site_indices": [
        0,
        2,
        1,
        3,
        4,
        9,
        5,
        14,
        6,
        15,
        7,
        17,
        8,
        18,
        10,
        19,
        11,
        21,
        12,
        22,
        13,
        27,
        16,
        31,
        20,
        33,
        23,
        38,
        24,
        48
      ],
      "observed_holonomy": 0.8695523947218857,
      "p_value": 0.99,
      "null_mean": 2.3113634207115594,
      "null_std": 0.5240331342239982,
      "null_percentiles": {
        "50": 2.3659315320721728,
        "90": 2.827270122254071,
        "95": 2.9353919097409977,
        "99": 3.15000383332915
      }
    }
  }
}