{
  "timestamp": "2026-07-02T11:23:58.913863",
  "n_sites": 24,
  "k": 3,
  "n_perms": 500,
  "pairwise_distances": {
    "max": 1.6559514548636305,
    "mean": 1.0178444307145251
  },
  "cycles": {
    "all_sites": {
      "n_sites_in_cycle": 24,
      "site_indices": [
        0,
        1,
        2,
        3,
        4,
        5,
        6,
        7,
        8,
        9,
        10,
        11,
        12,
        13,
        14,
        15,
        16,
        17,
        18,
        19,
        20,
        21,
        22,
        23
      ],
      "observed_holonomy": 1.170875376249759,
      "p_value": 0.932,
      "null_mean": 2.0462009205482103,
      "null_std": 0.4895108541612051,
      "null_percentiles": {
        "50": 2.056660780168064,
        "90": 2.7075709404349237,
        "95": 2.7958601338895672,
        "99": 2.827576048848755
      }
    },
    "random_half": {
      "n_sites_in_cycle": 12,
      "site_indices": [
        1,
        2,
        4,
        7,
        9,
        10,
        12,
        13,
        15,
        16,
        18,
        23
      ],
      "observed_holonomy": 1.232037327903804,
      "p_value": 0.91,
      "null_mean": 2.0092541990603445,
      "null_std": 0.5018983538965593,
      "null_percentiles": {
        "50": 2.03023491956398,
        "90": 2.692946611325406,
        "95": 2.7839782870375687,
        "99": 2.8241712157088856
      }
    }
  }
}