{
  "timestamp": "2026-07-02T11:20:35.473965",
  "n_sites": 24,
  "k": 3,
  "n_perms": 200,
  "pairwise_distances": {
    "max": 2.0162072921078136,
    "mean": 1.2630681445375342
  },
  "cycles": {
    "all_sites": {
      "n_sites_in_cycle": 24,
      "site_indices": [
        0,
        1,
        2,
        3,
        4,
        5,
        6,
        7,
        8,
        9,
        10,
        11,
        12,
        13,
        14,
        15,
        16,
        17,
        18,
        19,
        20,
        21,
        22,
        23
      ],
      "observed_holonomy": 0.9928165532259768,
      "p_value": 0.9,
      "null_mean": 1.9347461710476217,
      "null_std": 0.6263124892262812,
      "null_percentiles": {
        "50": 2.029980115942915,
        "90": 2.7100413180431993,
        "95": 2.7725397993943672,
        "99": 3.080158625689231
      }
    },
    "random_half": {
      "n_sites_in_cycle": 12,
      "site_indices": [
        1,
        2,
        4,
        7,
        9,
        10,
        12,
        13,
        15,
        16,
        18,
        23
      ],
      "observed_holonomy": 1.006110417894266,
      "p_value": 0.68,
      "null_mean": 1.5283025828054415,
      "null_std": 0.7469734371667415,
      "null_percentiles": {
        "50": 1.576823369962204,
        "90": 2.582069049246193,
        "95": 2.707815594996873,
        "99": 3.0738821627371804
      }
    }
  }
}