{
  "timestamp": "2026-07-02T11:13:42.963355",
  "n_sites": 50,
  "k": 3,
  "n_perms": 200,
  "pairwise_distances": {
    "max": 0.818738299656274,
    "mean": 0.32957649704177844
  },
  "cycles": {
    "all_sites": {
      "n_sites_in_cycle": 50,
      "site_indices": [
        0,
        1,
        2,
        3,
        4,
        5,
        6,
        7,
        8,
        9,
        10,
        11,
        12,
        13,
        14,
        15,
        16,
        17,
        18,
        19,
        20,
        21,
        22,
        23,
        24,
        25,
        26,
        27,
        28,
        29,
        30,
        31,
        32,
        33,
        34,
        35,
        36,
        37,
        38,
        39,
        40,
        41,
        42,
        43,
        44,
        45,
        46,
        47,
        48,
        49
      ],
      "observed_holonomy": 0.6318594594555486,
      "p_value": 1.0,
      "null_mean": 2.4135341387900344,
      "null_std": 0.45616004170599017,
      "null_percentiles": {
        "50": 2.543014962653566,
        "90": 2.8247969640327484,
        "95": 2.82657946162171,
        "99": 2.8318147066690207
      }
    },
    "clean_only": {
      "n_sites_in_cycle": 35,
      "site_indices": [
        0,
        1,
        4,
        5,
        6,
        7,
        8,
        10,
        11,
        12,
        13,
        16,
        20,
        23,
        24,
        25,
        26,
        28,
        29,
        30,
        32,
        34,
        35,
        36,
        37,
        39,
        40,
        41,
        42,
        43,
        44,
        45,
        46,
        47,
        49
      ],
      "observed_holonomy": 1.017530922199439,
      "p_value": 0.985,
      "null_mean": 2.430570950132205,
      "null_std": 0.45346462523432446,
      "null_percentiles": {
        "50": 2.5856837636615175,
        "90": 2.815264624960145,
        "95": 2.824994589397817,
        "99": 2.8278517817950526
      }
    },
    "confounded_only": {
      "n_sites_in_cycle": 15,
      "site_indices": [
        2,
        3,
        9,
        14,
        15,
        17,
        18,
        19,
        21,
        22,
        27,
        31,
        33,
        38,
        48
      ],
      "observed_holonomy": 1.0085084955006578,
      "p_value": 0.93,
      "null_mean": 2.1350041602213805,
      "null_std": 0.626381168342298,
      "null_percentiles": {
        "50": 2.2465920906820243,
        "90": 2.801452296463314,
        "95": 2.8195303461423493,
        "99": 2.8259883157582664
      }
    },
    "mixed": {
      "n_sites_in_cycle": 30,
      "site_indices": [
        0,
        2,
        1,
        3,
        4,
        9,
        5,
        14,
        6,
        15,
        7,
        17,
        8,
        18,
        10,
        19,
        11,
        21,
        12,
        22,
        13,
        27,
        16,
        31,
        20,
        33,
        23,
        38,
        24,
        48
      ],
      "observed_holonomy": 0.3784274423836108,
      "p_value": 1.0,
      "null_mean": 2.353652732241859,
      "null_std": 0.4939705362183944,
      "null_percentiles": {
        "50": 2.5273126171329,
        "90": 2.8211047435804337,
        "95": 2.826376719660902,
        "99": 2.8282727874151656
      }
    }
  }
}