{
  "timestamp": "2026-07-02T11:11:52.730623",
  "n_sites": 50,
  "k": 3,
  "n_perms": 1000,
  "pairwise_distances": {
    "max": 0.9976445762752222,
    "mean": 0.31254029160848207
  },
  "cycles": {
    "all_sites": {
      "n_sites_in_cycle": 50,
      "site_indices": [
        0,
        1,
        2,
        3,
        4,
        5,
        6,
        7,
        8,
        9,
        10,
        11,
        12,
        13,
        14,
        15,
        16,
        17,
        18,
        19,
        20,
        21,
        22,
        23,
        24,
        25,
        26,
        27,
        28,
        29,
        30,
        31,
        32,
        33,
        34,
        35,
        36,
        37,
        38,
        39,
        40,
        41,
        42,
        43,
        44,
        45,
        46,
        47,
        48,
        49
      ],
      "observed_holonomy": 1.5489333697331367,
      "p_value": 0.942,
      "null_mean": 2.3505460160559486,
      "null_std": 0.47240304350661694,
      "null_percentiles": {
        "50": 2.394738631429597,
        "90": 2.8273045177319918,
        "95": 3.0004481650640717,
        "99": 3.244421633365073
      }
    },
    "clean_only": {
      "n_sites_in_cycle": 45,
      "site_indices": [
        0,
        1,
        2,
        3,
        5,
        6,
        7,
        8,
        9,
        10,
        11,
        12,
        13,
        14,
        15,
        16,
        17,
        18,
        19,
        20,
        21,
        24,
        25,
        26,
        27,
        28,
        29,
        30,
        31,
        32,
        33,
        34,
        35,
        36,
        37,
        38,
        40,
        41,
        43,
        44,
        45,
        46,
        47,
        48,
        49
      ],
      "observed_holonomy": 1.1081961600367551,
      "p_value": 0.98,
      "null_mean": 2.325212315039296,
      "null_std": 0.45811922339051314,
      "null_percentiles": {
        "50": 2.3325590518262223,
        "90": 2.825901079282757,
        "95": 2.9460942276301725,
        "99": 3.222066241916065
      }
    },
    "confounded_only": {
      "n_sites_in_cycle": 5,
      "site_indices": [
        4,
        22,
        23,
        39,
        42
      ],
      "observed_holonomy": 0.39185940170811195,
      "p_value": 0.866,
      "null_mean": 1.2852814506706007,
      "null_std": 0.7163422999020425,
      "null_percentiles": {
        "50": 1.215866236415556,
        "90": 2.0411232565162143,
        "95": 2.1532626656008618,
        "99": 2.5129426060251574
      }
    },
    "mixed": {
      "n_sites_in_cycle": 10,
      "site_indices": [
        0,
        4,
        1,
        22,
        2,
        23,
        3,
        39,
        5,
        42
      ],
      "observed_holonomy": 1.130429428927771,
      "p_value": 0.776,
      "null_mean": 1.6769742773052672,
      "null_std": 0.6140331841035949,
      "null_percentiles": {
        "50": 2.001154709876858,
        "90": 2.271512334481329,
        "95": 2.43692972865169,
        "99": 2.8130136892215583
      }
    }
  }
}