{
  "timestamp": "2026-07-02T11:21:24.043601",
  "n_sites": 24,
  "k": 3,
  "n_perms": 200,
  "pairwise_distances": {
    "max": 2.0898286807289965,
    "mean": 1.1268746044189801
  },
  "cycles": {
    "all_sites": {
      "n_sites_in_cycle": 24,
      "site_indices": [
        0,
        1,
        2,
        3,
        4,
        5,
        6,
        7,
        8,
        9,
        10,
        11,
        12,
        13,
        14,
        15,
        16,
        17,
        18,
        19,
        20,
        21,
        22,
        23
      ],
      "observed_holonomy": 0.5427175553590884,
      "p_value": 0.83,
      "null_mean": 1.1216467418600835,
      "null_std": 0.6196398108810544,
      "null_percentiles": {
        "50": 1.0045648698170242,
        "90": 2.0088710136065746,
        "95": 2.3372851719759447,
        "99": 2.74356581124732
      }
    },
    "random_half": {
      "n_sites_in_cycle": 12,
      "site_indices": [
        1,
        2,
        4,
        7,
        9,
        10,
        12,
        13,
        15,
        16,
        18,
        23
      ],
      "observed_holonomy": 2.0621877195252902,
      "p_value": 0.02,
      "null_mean": 0.8107280439089096,
      "null_std": 0.4665774028622568,
      "null_percentiles": {
        "50": 0.7154849490981686,
        "90": 1.4764883917314549,
        "95": 1.6810705640896881,
        "99": 2.2088125696089436
      }
    }
  }
}