{
  "timestamp": "2026-07-02T11:21:02.408802",
  "n_sites": 24,
  "k": 3,
  "n_perms": 200,
  "pairwise_distances": {
    "max": 2.160855297402691,
    "mean": 1.1833475133512408
  },
  "cycles": {
    "all_sites": {
      "n_sites_in_cycle": 24,
      "site_indices": [
        0,
        1,
        2,
        3,
        4,
        5,
        6,
        7,
        8,
        9,
        10,
        11,
        12,
        13,
        14,
        15,
        16,
        17,
        18,
        19,
        20,
        21,
        22,
        23
      ],
      "observed_holonomy": 1.0278366083624775,
      "p_value": 0.53,
      "null_mean": 1.0974181869064983,
      "null_std": 0.47915386311059416,
      "null_percentiles": {
        "50": 1.0898747481305993,
        "90": 1.6909775389006874,
        "95": 1.8232063468193418,
        "99": 2.2827864088603067
      }
    },
    "random_half": {
      "n_sites_in_cycle": 12,
      "site_indices": [
        1,
        2,
        4,
        7,
        9,
        10,
        12,
        13,
        15,
        16,
        18,
        23
      ],
      "observed_holonomy": 0.6214535433573355,
      "p_value": 0.575,
      "null_mean": 0.7454578747127545,
      "null_std": 0.34845998414740725,
      "null_percentiles": {
        "50": 0.7275439177556045,
        "90": 1.1668208481066542,
        "95": 1.3169430256650894,
        "99": 1.7328905525762397
      }
    }
  }
}