{
  "timestamp": "2026-07-02T11:17:37.846956",
  "n_sites": 50,
  "k": 3,
  "n_perms": 200,
  "pairwise_distances": {
    "max": 1.6635011918918505,
    "mean": 0.5748539056939584
  },
  "cycles": {
    "all_sites": {
      "n_sites_in_cycle": 50,
      "site_indices": [
        0,
        1,
        2,
        3,
        4,
        5,
        6,
        7,
        8,
        9,
        10,
        11,
        12,
        13,
        14,
        15,
        16,
        17,
        18,
        19,
        20,
        21,
        22,
        23,
        24,
        25,
        26,
        27,
        28,
        29,
        30,
        31,
        32,
        33,
        34,
        35,
        36,
        37,
        38,
        39,
        40,
        41,
        42,
        43,
        44,
        45,
        46,
        47,
        48,
        49
      ],
      "observed_holonomy": 1.0467654772495023,
      "p_value": 0.985,
      "null_mean": 2.3922190236148806,
      "null_std": 0.44354882365058573,
      "null_percentiles": {
        "50": 2.4406765718530252,
        "90": 2.8262239233292985,
        "95": 2.8891122626022447,
        "99": 3.28344923274525
      }
    },
    "clean_only": {
      "n_sites_in_cycle": 35,
      "site_indices": [
        0,
        1,
        4,
        5,
        6,
        7,
        8,
        10,
        11,
        12,
        13,
        16,
        20,
        23,
        24,
        25,
        26,
        28,
        29,
        30,
        32,
        34,
        35,
        36,
        37,
        39,
        40,
        41,
        42,
        43,
        44,
        45,
        46,
        47,
        49
      ],
      "observed_holonomy": 1.017530922199439,
      "p_value": 0.995,
      "null_mean": 2.4440980979162132,
      "null_std": 0.4270831820155971,
      "null_percentiles": {
        "50": 2.527311562163388,
        "90": 2.8254982463475056,
        "95": 3.075502277788099,
        "99": 3.2019145343995157
      }
    },
    "confounded_only": {
      "n_sites_in_cycle": 15,
      "site_indices": [
        2,
        3,
        9,
        14,
        15,
        17,
        18,
        19,
        21,
        22,
        27,
        31,
        33,
        38,
        48
      ],
      "observed_holonomy": 0.6684207555808424,
      "p_value": 1.0,
      "null_mean": 2.288415773446228,
      "null_std": 0.5417573168739072,
      "null_percentiles": {
        "50": 2.4424653614430287,
        "90": 2.806965207650567,
        "95": 2.8257851938584233,
        "99": 3.04552772170902
      }
    },
    "mixed": {
      "n_sites_in_cycle": 30,
      "site_indices": [
        0,
        2,
        1,
        3,
        4,
        9,
        5,
        14,
        6,
        15,
        7,
        17,
        8,
        18,
        10,
        19,
        11,
        21,
        12,
        22,
        13,
        27,
        16,
        31,
        20,
        33,
        23,
        38,
        24,
        48
      ],
      "observed_holonomy": 0.5452013187456166,
      "p_value": 1.0,
      "null_mean": 2.3789139560369033,
      "null_std": 0.45475994701900113,
      "null_percentiles": {
        "50": 2.476755950621392,
        "90": 2.8226284461959716,
        "95": 2.828379443996985,
        "99": 3.243290209762665
      }
    }
  }
}