{
  "timestamp": "2026-07-02T11:17:55.341691",
  "n_sites": 50,
  "k": 3,
  "n_perms": 200,
  "pairwise_distances": {
    "max": 1.5553333374477423,
    "mean": 0.6803232161539661
  },
  "cycles": {
    "all_sites": {
      "n_sites_in_cycle": 50,
      "site_indices": [
        0,
        1,
        2,
        3,
        4,
        5,
        6,
        7,
        8,
        9,
        10,
        11,
        12,
        13,
        14,
        15,
        16,
        17,
        18,
        19,
        20,
        21,
        22,
        23,
        24,
        25,
        26,
        27,
        28,
        29,
        30,
        31,
        32,
        33,
        34,
        35,
        36,
        37,
        38,
        39,
        40,
        41,
        42,
        43,
        44,
        45,
        46,
        47,
        48,
        49
      ],
      "observed_holonomy": 1.3436950160133172,
      "p_value": 0.99,
      "null_mean": 2.410774843007126,
      "null_std": 0.4438447225780124,
      "null_percentiles": {
        "50": 2.445330857286252,
        "90": 2.8275476975899427,
        "95": 3.0427777422577456,
        "99": 3.3156647799185417
      }
    },
    "clean_only": {
      "n_sites_in_cycle": 25,
      "site_indices": [
        0,
        3,
        6,
        8,
        10,
        14,
        16,
        18,
        22,
        24,
        28,
        30,
        31,
        32,
        33,
        34,
        35,
        36,
        40,
        42,
        44,
        45,
        47,
        48,
        49
      ],
      "observed_holonomy": 0.046291393785646055,
      "p_value": 1.0,
      "null_mean": 2.2221053961994444,
      "null_std": 0.567636611848575,
      "null_percentiles": {
        "50": 2.2938759282476724,
        "90": 2.818552541913633,
        "95": 2.8277039768284546,
        "99": 3.3050836282908023
      }
    },
    "confounded_only": {
      "n_sites_in_cycle": 25,
      "site_indices": [
        1,
        2,
        4,
        5,
        7,
        9,
        11,
        12,
        13,
        15,
        17,
        19,
        20,
        21,
        23,
        25,
        26,
        27,
        29,
        37,
        38,
        39,
        41,
        43,
        46
      ],
      "observed_holonomy": 0.5949002247124472,
      "p_value": 1.0,
      "null_mean": 2.3785435093505014,
      "null_std": 0.4662834067926078,
      "null_percentiles": {
        "50": 2.4424356386453265,
        "90": 2.8259857701705062,
        "95": 2.9670901607661992,
        "99": 3.194316768778908
      }
    },
    "mixed": {
      "n_sites_in_cycle": 50,
      "site_indices": [
        0,
        1,
        3,
        2,
        6,
        4,
        8,
        5,
        10,
        7,
        14,
        9,
        16,
        11,
        18,
        12,
        22,
        13,
        24,
        15,
        28,
        17,
        30,
        19,
        31,
        20,
        32,
        21,
        33,
        23,
        34,
        25,
        35,
        26,
        36,
        27,
        40,
        29,
        42,
        37,
        44,
        38,
        45,
        39,
        47,
        41,
        48,
        43,
        49,
        46
      ],
      "observed_holonomy": 1.3074352442737598,
      "p_value": 0.985,
      "null_mean": 2.3749067839473113,
      "null_std": 0.3781435070363663,
      "null_percentiles": {
        "50": 2.437358920891344,
        "90": 2.8141959583846923,
        "95": 2.833054459171462,
        "99": 2.9929630618664698
      }
    }
  }
}